﻿{"cameraMode":{"drawMode":0,"name":"Shaded","section":"Shading Mode"},"sceneLighting":true,"audioPlay":false,"sceneViewState":{"showFog":true,"showMaterialUpdate":false,"showSkybox":true,"showFlares":true,"showImageEffects":true,"showParticleSystems":true},"in2DMode":false,"pivot":{"x":340.0518798828125,"y":2.764007568359375,"z":70.37066650390625},"rotation":{"x":-0.24810229241847993,"y":-0.02557334490120411,"z":0.006552552804350853,"w":-0.9683741331100464},"size":1070.0003662109375,"orthographic":false}