﻿{"cameraMode":{"drawMode":0,"name":"Shaded","section":"Shading Mode"},"sceneLighting":true,"audioPlay":false,"sceneViewState":{"showFog":true,"showMaterialUpdate":false,"showSkybox":true,"showFlares":true,"showImageEffects":true,"showParticleSystems":true},"in2DMode":false,"pivot":{"x":479.3712158203125,"y":120.11044311523438,"z":159.06646728515626},"rotation":{"x":-0.21455416083335877,"y":0.02548653446137905,"z":-0.005600073840469122,"w":-0.9763635396957398},"size":1004.129150390625,"orthographic":false}